{
  "verdict": "MASS_GAP",
  "mass_0pp": 1.3214821344977894,
  "mass_0pp_error": 0.0,
  "lattice_size": 6,
  "beta": 2.3,
  "n_configs": 30,
  "correlator": [
    0.0015287957076563828,
    0.001053854370476582,
    0.00028110476151356457,
    0.0007180122370067942,
    0.00020625809119987165,
    0.000658742195524443
  ],
  "timestamp": "2025-11-11 14:37:23.731742"
}