{
  "t_zero": 14.134725142,
  "delta_sigma": 0.3,
  "locks_on": {
    "1:1": {
      "K": 0.6054016640762854,
      "sf": 0.033702005335587336,
      "eligible": true,
      "order": 2
    },
    "2:1": {
      "K": 0.25463500907105197,
      "sf": 0.12019115235159522,
      "eligible": true,
      "order": 3
    },
    "3:2": {
      "K": 0.21178673254909183,
      "sf": 0.24084665110151532,
      "eligible": false,
      "order": 5
    },
    "1:2": {
      "K": 0.25463500907105197,
      "sf": 0.12019115235159522,
      "eligible": true,
      "order": 3
    },
    "2:3": {
      "K": 0.21178673254909183,
      "sf": 0.24084665110151532,
      "eligible": false,
      "order": 5
    }
  },
  "locks_off": {
    "1:1": {
      "K": 0.6007427814128978,
      "sf": 0.03419839052280451,
      "eligible": true,
      "order": 2
    },
    "2:1": {
      "K": 0.2476322815217857,
      "sf": 0.12444522246611846,
      "eligible": true,
      "order": 3
    },
    "3:2": {
      "K": 0.21364283859194025,
      "sf": 0.2404063292960889,
      "eligible": false,
      "order": 5
    },
    "1:2": {
      "K": 0.2476322815217857,
      "sf": 0.12444522246611846,
      "eligible": true,
      "order": 3
    },
    "2:3": {
      "K": 0.21364283859194025,
      "sf": 0.2404063292960889,
      "eligible": false,
      "order": 5
    }
  },
  "audits": {
    "E3": {
      "passed": false,
      "message": "E3: \u0394K=0.000000 (rel=0.0000) FAIL"
    },
    "E4": {
      "passed": false,
      "message": "On-line: min 1.00x (PASS); Off-line: coupling INCREASED by 40.3% (FAIL) [ratios: ['1.267', '1.403', '1.001']]"
    }
  },
  "integer_thinning": [
    {
      "ratio": "1:1",
      "order": 2,
      "K": 0.6054016640762854,
      "log_K": -0.5018631336763187
    },
    {
      "ratio": "2:1",
      "order": 3,
      "K": 0.25463500907105197,
      "log_K": -1.3679240961412702
    },
    {
      "ratio": "3:2",
      "order": 5,
      "K": 0.21178673254909183,
      "log_K": -1.5521754891881616
    }
  ],
  "verdict": "INCONCLUSIVE"
}