{
  "t_zero": 14.134725142,
  "delta_sigma": 0.3,
  "locks_on": {
    "1:1": {
      "K": 0.6054016640762853,
      "sf": 0.033702005335587364,
      "eligible": true,
      "order": 2
    },
    "2:1": {
      "K": 0.25463500907105224,
      "sf": 0.12019115235159515,
      "eligible": true,
      "order": 3
    },
    "3:2": {
      "K": 0.21178673254909156,
      "sf": 0.24084665110151574,
      "eligible": false,
      "order": 5
    },
    "1:2": {
      "K": 0.25463500907105224,
      "sf": 0.12019115235159515,
      "eligible": true,
      "order": 3
    },
    "2:3": {
      "K": 0.21178673254909156,
      "sf": 0.24084665110151574,
      "eligible": false,
      "order": 5
    }
  },
  "locks_off": {
    "1:1": {
      "K": 0.6007427814128978,
      "sf": 0.034198390522804455,
      "eligible": true,
      "order": 2
    },
    "2:1": {
      "K": 0.24763228152178557,
      "sf": 0.12444522246611833,
      "eligible": true,
      "order": 3
    },
    "3:2": {
      "K": 0.21364283859194053,
      "sf": 0.24040632929608827,
      "eligible": false,
      "order": 5
    },
    "1:2": {
      "K": 0.24763228152178557,
      "sf": 0.12444522246611833,
      "eligible": true,
      "order": 3
    },
    "2:3": {
      "K": 0.21364283859194053,
      "sf": 0.24040632929608827,
      "eligible": false,
      "order": 5
    }
  },
  "audits": {
    "E3": {
      "passed": false,
      "message": "E3: \u0394K=0.000000 (rel=0.0000) FAIL"
    },
    "E4": {
      "passed": false,
      "message": "On-line: min 1.00x (PASS); Off-line: coupling INCREASED by 40.3% (FAIL) [ratios: ['1.267', '1.403', '1.000']]"
    }
  },
  "integer_thinning": [
    {
      "ratio": "1:1",
      "order": 2,
      "K": 0.6054016640762853,
      "log_K": -0.5018631336763189
    },
    {
      "ratio": "2:1",
      "order": 3,
      "K": 0.25463500907105224,
      "log_K": -1.367924096141269
    },
    {
      "ratio": "3:2",
      "order": 5,
      "K": 0.21178673254909156,
      "log_K": -1.552175489188163
    }
  ],
  "verdict": "INCONCLUSIVE"
}