{
  "verdict": "NO_GAP",
  "masses": {
    "0++": {
      "mass": 0.0,
      "error": 0.0,
      "correlator": [
        189.17265979730058,
        148.48706602646777,
        205.72078276495117,
        165.12222703121842
      ]
    }
  },
  "L": 4,
  "beta": 2.5,
  "n_configs": 10,
  "audits": {
    "E2_gauge_invariance": true
  }
}