{
  "verdict": "NO_GAP",
  "masses": {
    "0++": {
      "mass": 0,
      "error": NaN,
      "correlator": [
        0.002763124197242617,
        0.0003566686894329596,
        -0.0001198966977274396,
        -0.0004683109556904985,
        0.00011114221862906781,
        0.0004314204351609785
      ]
    }
  },
  "L": 6,
  "beta": 2.3,
  "n_configs": 50,
  "audits": {
    "E2_gauge_invariance": true
  }
}